Match_ID,Country,Season,Div,League,Date,Time,Round,Home,Away,Home_Score,Away_Score,Min_Goals_Home,Min_Goals_Away,Bookie_1X2_HT,Odd_1_HT,Odd_X_HT,Odd_2_HT,Bookie_1X2_FT,Odd_1_FT,Odd_X_FT,Odd_2_FT,Bookie_OU_HT_0_5,Over_HT_0_5,Under_HT_0_5,Bookie_OU_HT_1_5,Over_HT_1_5,Under_HT_1_5,Bookie_OU_HT_2_5,Over_HT_2_5,Under_HT_2_5,Bookie_OU_FT_0_5,Over_FT_0_5,Under_FT_0_5,Bookie_OU_FT_1_5,Over_FT_1_5,Under_FT_1_5,Bookie_OU_FT_2_5,Over_FT_2_5,Under_FT_2_5,Bookie_OU_FT_3_5,Over_FT_3_5,Under_FT_3_5,Bookie_OU_FT_4_5,Over_FT_4_5,Under_FT_4_5,Bookie_BTTS,BTTS_Yes,BTTS_No,Bookie_DC,DC_1X,DC_12,DC_X2,Bookie_CS_0_0,CS_0_0,Bookie_CS_0_1,CS_0_1,Bookie_CS_0_2,CS_0_2,Bookie_CS_0_3,CS_0_3,Bookie_CS_1_0,CS_1_0,Bookie_CS_1_1,CS_1_1,Bookie_CS_1_2,CS_1_2,Bookie_CS_1_3,CS_1_3,Bookie_CS_2_0,CS_2_0,Bookie_CS_2_1,CS_2_1,Bookie_CS_2_2,CS_2_2,Bookie_CS_2_3,CS_2_3,Bookie_CS_3_0,CS_3_0,Bookie_CS_3_1,CS_3_1,Bookie_CS_3_2,CS_3_2,Bookie_CS_3_3,CS_3_3,Bookie_AH_neg_2_5,AH_Home_neg_2_5,AH_Away_neg_2_5,Bookie_AH_neg_2,AH_Home_neg_2,AH_Away_neg_2,Bookie_AH_neg_1_5,AH_Home_neg_1_5,AH_Away_neg_1_5,Bookie_AH_neg_1,AH_Home_neg_1,AH_Away_neg_1,Bookie_AH_neg_0_5,AH_Home_neg_0_5,AH_Away_neg_0_5,Bookie_AH_pos_0_5,AH_Home_pos_0_5,AH_Away_pos_0_5,Bookie_AH_pos_1,AH_Home_pos_1,AH_Away_pos_1,Bookie_AH_pos_1_5,AH_Home_pos_1_5,AH_Away_pos_1_5,Bookie_AH_pos_2,AH_Home_pos_2,AH_Away_pos_2,Bookie_AH_pos_2_5,AH_Home_pos_2_5,AH_Away_pos_2_5,Bookie_EH_neg_3,EH_Home_neg_3,EH_Draw_neg_3,EH_Away_neg_3,Bookie_EH_neg_2,EH_Home_neg_2,EH_Draw_neg_2,EH_Away_neg_2,Bookie_EH_neg_1,EH_Home_neg_1,EH_Draw_neg_1,EH_Away_neg_1,Bookie_EH_1,EH_Home_1,EH_Draw_1,EH_Away_1,Bookie_EH_2,EH_Home_2,EH_Draw_2,EH_Away_2,Bookie_EH_3,EH_Home_3,EH_Draw_3,EH_Away_3,xG_Home_FT,xG_Away_FT,xGOT_Home_FT,xGOT_Away_FT,xA_Home_FT,xA_Away_FT,xGOT_Faced_Home_FT,xGOT_Faced_Away_FT,Goals_Prevented_Home_FT,Goals_Prevented_Away_FT,Possession_Home_FT,Possession_Away_FT,Passes_Pct_Home_FT,Passes_Pct_Away_FT,Long_Passes_Pct_Home_FT,Long_Passes_Pct_Away_FT,Passes_Final_Third_Pct_Home_FT,Passes_Final_Third_Pct_Away_FT,Through_Passes_Home_FT,Through_Passes_Away_FT,Crosses_Pct_Home_FT,Crosses_Pct_Away_FT,Total_Shots_Home_FT,Total_Shots_Away_FT,Shots_On_Target_Home_FT,Shots_On_Target_Away_FT,Shots_Off_Target_Home_FT,Shots_Off_Target_Away_FT,Blocked_Shots_Home_FT,Blocked_Shots_Away_FT,Shots_Inside_Box_Home_FT,Shots_Inside_Box_Away_FT,Shots_Outside_Box_Home_FT,Shots_Outside_Box_Away_FT,Big_Chances_Home_FT,Big_Chances_Away_FT,Hit_Woodwork_Home_FT,Hit_Woodwork_Away_FT,Touches_Box_Home_FT,Touches_Box_Away_FT,Corners_Home_FT,Corners_Away_FT,Free_Kicks_Home_FT,Free_Kicks_Away_FT,Throw_Ins_Home_FT,Throw_Ins_Away_FT,Fouls_Home_FT,Fouls_Away_FT,Yellow_Cards_Home_FT,Yellow_Cards_Away_FT,Red_Cards_Home_FT,Red_Cards_Away_FT,Offsides_Home_FT,Offsides_Away_FT,Goalkeeper_Saves_Home_FT,Goalkeeper_Saves_Away_FT,Tackles_Pct_Home_FT,Tackles_Pct_Away_FT,Duels_Won_Home_FT,Duels_Won_Away_FT,Clearances_Home_FT,Clearances_Away_FT,Interceptions_Home_FT,Interceptions_Away_FT,Errors_Shot_Home_FT,Errors_Shot_Away_FT,Errors_Goal_Home_FT,Errors_Goal_Away_FT,xG_Home_HT,xG_Away_HT,xGOT_Home_HT,xGOT_Away_HT,xA_Home_HT,xA_Away_HT,Possession_Home_HT,Possession_Away_HT,Total_Shots_Home_HT,Total_Shots_Away_HT,Shots_On_Target_Home_HT,Shots_On_Target_Away_HT,Shots_Off_Target_Home_HT,Shots_Off_Target_Away_HT,Big_Chances_Home_HT,Big_Chances_Away_HT,Corners_Home_HT,Corners_Away_HT,Yellow_Cards_Home_HT,Yellow_Cards_Away_HT,Fouls_Home_HT,Fouls_Away_HT,Offsides_Home_HT,Offsides_Away_HT,Goalkeeper_Saves_Home_HT,Goalkeeper_Saves_Away_HT,xG_Home_2T,xG_Away_2T,xGOT_Home_2T,xGOT_Away_2T,xA_Home_2T,xA_Away_2T,Possession_Home_2T,Possession_Away_2T,Total_Shots_Home_2T,Total_Shots_Away_2T,Shots_On_Target_Home_2T,Shots_On_Target_Away_2T,Shots_Off_Target_Home_2T,Shots_Off_Target_Away_2T,Big_Chances_Home_2T,Big_Chances_Away_2T,Corners_Home_2T,Corners_Away_2T,Yellow_Cards_Home_2T,Yellow_Cards_Away_2T,Red_Cards_Home_2T,Red_Cards_Away_2T,Fouls_Home_2T,Fouls_Away_2T,Offsides_Home_2T,Offsides_Away_2T,Goalkeeper_Saves_Home_2T,Goalkeeper_Saves_Away_2T
6sk92gnF,SOUTH-AMERICA,2021,Copa America 2021,WORLD AMERICA CUP,10/07/2021,21:00,Play Offs,Argentina,Brazil,1,0,[22],[],bet365,4.75,1.9,2.87,bet365,4.0,3.1,2.1,bet365,1.57,2.25,bet365,3.75,1.25,bet365,13.0,1.04,bet365,1.11,6.5,bet365,1.53,2.5,bet365,2.62,1.5,bet365,5.0,1.16,bet365,11.0,1.05,bet365,2.1,1.66,bet365,1.66,1.36,1.22,bet365,6.5,bet365,5.5,bet365,8.5,bet365,19.0,bet365,8.5,bet365,6.0,bet365,9.5,bet365,21.0,bet365,17.0,bet365,15.0,bet365,19.0,bet365,41.0,bet365,41.0,bet365,41.0,bet365,51.0,bet365,81.0,,0.0,0.0,,0.0,0.0,,0.0,0.0,,0.0,0.0,bet365,3.7,1.26,bet365,1.73,2.08,bet365,1.32,3.3,bet365,1.21,4.25,,0.0,0.0,,0.0,0.0,,0.0,0.0,0.0,,0.0,0.0,0.0,,0.0,0.0,0.0,bet365,1.66,3.5,4.33,,0.0,0.0,0.0,,0,0,0,,,,,,,,,,,0.41,0.59,0.0,0.0,,,,,,,,,6.0,13.0,2.0,2.0,2.0,5.0,2.0,6.0,,,,,,,,,,,1.0,4.0,25.0,19.0,15.0,24.0,19.0,22.0,5.0,4.0,,,0.0,3.0,2.0,1.0,,,,,,,,,,,,,,,,,,,0.46,0.54,3.0,6.0,1.0,1.0,1.0,2.0,,,0.0,1.0,1.0,1.0,10.0,11.0,0.0,1.0,1.0,0.0,,,,,,,0.36,0.64,3.0,7.0,1.0,1.0,1.0,3.0,,,1.0,3.0,4.0,3.0,,,9.0,11.0,0.0,2.0,1.0,1.0
pYmD1D1L,SOUTH-AMERICA,2021,Copa America 2021,WORLD AMERICA CUP,09/07/2021,21:00,Play Offs,Colombia,Peru,3,2,"[49, 66, 90]","[45, 82]",bet365,2.37,2.25,4.75,bet365,1.8,3.6,4.5,bet365,1.36,3.0,bet365,2.62,1.44,bet365,7.0,1.1,bet365,1.05,12.0,bet365,1.25,4.0,bet365,1.8,2.0,bet365,3.0,1.4,bet365,5.5,1.14,bet365,1.75,2.0,bet365,1.18,1.28,1.9,bet365,12.0,bet365,13.0,bet365,23.0,bet365,51.0,bet365,8.0,bet365,7.0,bet365,15.0,bet365,34.0,bet365,9.0,bet365,8.5,bet365,15.0,bet365,41.0,bet365,15.0,bet365,13.0,bet365,23.0,bet365,41.0,bet365,6.25,1.12,bet365,5.25,1.16,bet365,3.0,1.38,bet365,2.35,1.58,bet365,1.8,2.14,bet365,1.2,4.4,,0.0,0.0,,0.0,0.0,,0.0,0.0,,0.0,0.0,,0.0,0.0,0.0,,0.0,0.0,0.0,bet365,2.87,3.75,1.9,,0.0,0.0,0.0,,0.0,0.0,0.0,,0,0,0,,,,,,,,,,,0.45,0.55,0.0,0.0,,,,,,,,,12.0,10.0,6.0,3.0,5.0,5.0,1.0,2.0,,,,,,,,,,,6.0,2.0,12.0,27.0,17.0,10.0,18.0,8.0,3.0,2.0,,,1.0,1.0,1.0,3.0,,,,,,,,,,,,,,,,,,,0.44,0.56,5.0,5.0,1.0,1.0,3.0,3.0,,,3.0,1.0,1.0,0.0,8.0,3.0,1.0,1.0,0.0,1.0,,,,,,,0.46,0.54,7.0,5.0,5.0,2.0,2.0,2.0,,,3.0,1.0,2.0,2.0,,,10.0,5.0,0.0,0.0,1.0,2.0
UkLDzLmQ,SOUTH-AMERICA,2021,Copa America 2021,WORLD AMERICA CUP,05/07/2021,20:00,Play Offs,Brazil,Peru,1,0,[35],[],bet365,1.61,2.62,11.0,bet365,1.2,6.5,15.0,bet365,1.3,3.4,bet365,2.5,1.5,bet365,6.0,1.12,bet365,1.04,13.0,bet365,1.22,4.33,bet365,1.72,2.1,bet365,2.75,1.44,bet365,5.0,1.16,bet365,2.5,1.5,bet365,1.03,1.11,4.33,bet365,13.0,bet365,26.0,bet365,51.0,bet365,201.0,bet365,6.5,bet365,12.0,bet365,34.0,bet365,101.0,bet365,5.5,bet365,9.5,bet365,34.0,bet365,81.0,bet365,6.5,bet365,12.0,bet365,34.0,bet365,101.0,bet365,2.75,1.43,bet365,2.15,1.68,bet365,1.68,2.15,bet365,1.3,3.45,bet365,1.21,4.25,,0.0,0.0,,0.0,0.0,,0.0,0.0,,0.0,0.0,,0.0,0.0,,0.0,0.0,0.0,bet365,2.62,3.75,2.1,,0.0,0.0,0.0,,0.0,0.0,0.0,,0.0,0.0,0.0,,0,0,0,,,,,,,,,,,0.56,0.44,0.0,0.0,,,,,,,,,15.0,7.0,8.0,2.0,4.0,3.0,3.0,2.0,,,,,,,,,,,3.0,3.0,27.0,18.0,19.0,22.0,12.0,16.0,1.0,2.0,,,0.0,3.0,2.0,7.0,,,,,,,,,,,,,,,,,,,0.64,0.36,10.0,1.0,7.0,0.0,2.0,0.0,,,1.0,1.0,,,5.0,4.0,0.0,1.0,0.0,6.0,,,,,,,0.48,0.52,5.0,6.0,1.0,2.0,2.0,3.0,,,2.0,2.0,1.0,2.0,,,7.0,12.0,0.0,2.0,2.0,1.0
zVr2ixZA,SOUTH-AMERICA,2021,Copa America 2021,WORLD AMERICA CUP,03/07/2021,22:00,Play Offs,Argentina,Ecuador,3,0,"[40, 84, 90]",[],bet365,2.2,2.1,6.5,bet365,1.5,3.8,8.0,bet365,1.44,2.62,bet365,3.25,1.33,bet365,10.0,1.06,bet365,1.08,8.5,bet365,1.4,3.0,bet365,2.2,1.66,bet365,4.0,1.25,bet365,8.0,1.08,bet365,2.2,1.61,bet365,1.08,1.25,2.5,bet365,8.5,bet365,13.0,bet365,29.0,bet365,67.0,bet365,5.5,bet365,7.5,bet365,19.0,bet365,51.0,bet365,6.5,bet365,8.5,bet365,21.0,bet365,51.0,bet365,11.0,bet365,15.0,bet365,34.0,bet365,81.0,bet365,5.75,1.14,bet365,4.5,1.19,bet365,2.67,1.45,bet365,2.1,1.83,bet365,1.55,2.38,bet365,1.14,5.75,,0.0,0.0,,0.0,0.0,,0.0,0.0,,0.0,0.0,,0.0,0.0,0.0,,0.0,0.0,0.0,bet365,2.62,3.25,2.5,,0.0,0.0,0.0,,0.0,0.0,0.0,,0,0,0,,,,,,,,,,,0.46,0.54,0.0,0.0,,,,,,,,,21.0,10.0,8.0,2.0,6.0,7.0,7.0,1.0,,,,,,,,,,,6.0,10.0,28.0,22.0,14.0,19.0,16.0,14.0,2.0,3.0,0.0,1.0,1.0,4.0,2.0,5.0,,,,,,,,,,,,,,,,,,,0.58,0.42,12.0,3.0,5.0,0.0,3.0,3.0,,,3.0,1.0,1.0,3.0,10.0,7.0,1.0,2.0,0.0,4.0,,,,,,,0.33,0.67,9.0,7.0,3.0,2.0,3.0,4.0,,,3.0,9.0,1.0,0.0,0.0,1.0,6.0,7.0,0.0,2.0,2.0,1.0
IgY6jdlH,SOUTH-AMERICA,2021,Copa America 2021,WORLD AMERICA CUP,02/07/2021,21:00,Play Offs,Brazil,Chile,1,0,[46],[],bet365,1.9,2.3,7.5,bet365,1.28,5.0,13.0,bet365,1.4,2.75,bet365,2.75,1.4,bet365,8.0,1.08,bet365,1.06,10.0,bet365,1.3,3.5,bet365,1.9,1.9,bet365,3.4,1.33,bet365,6.5,1.11,bet365,2.37,1.53,bet365,1.04,1.16,3.5,bet365,10.0,bet365,19.0,bet365,41.0,bet365,126.0,bet365,5.5,bet365,9.5,bet365,29.0,bet365,81.0,bet365,5.5,bet365,9.0,bet365,29.0,bet365,81.0,bet365,8.0,bet365,13.0,bet365,34.0,bet365,101.0,bet365,3.55,1.27,bet365,2.85,1.4,bet365,2.09,1.84,bet365,1.5,2.5,bet365,1.3,3.45,,0.0,0.0,,0.0,0.0,,0.0,0.0,,0.0,0.0,,0.0,0.0,,0.0,0.0,0.0,bet365,3.2,3.75,1.9,bet365,1.95,3.4,3.5,,0.0,0.0,0.0,,0.0,0.0,0.0,,0,0,0,,,,,,,,,,,0.41,0.59,0.0,0.0,,,,,,,,,10.0,11.0,5.0,5.0,2.0,4.0,3.0,2.0,,,,,,,,,,,4.0,6.0,26.0,18.0,18.0,14.0,13.0,12.0,1.0,3.0,1.0,0.0,1.0,4.0,5.0,4.0,,,,,,,,,,,,,,,,,,,0.49,0.51,6.0,4.0,2.0,3.0,2.0,1.0,,,4.0,2.0,,,8.0,4.0,1.0,2.0,3.0,2.0,,,,,,,0.33,0.67,4.0,7.0,3.0,2.0,0.0,3.0,,,0.0,4.0,1.0,3.0,1.0,0.0,5.0,8.0,0.0,2.0,2.0,2.0
GE16Ddh3,SOUTH-AMERICA,2021,Copa America 2021,WORLD AMERICA CUP,27/06/2021,18:00,Round 5,Brazil,Ecuador,1,1,[37],[53],bet365,1.95,2.25,7.5,bet365,1.4,4.5,8.5,bet365,1.4,2.75,bet365,3.0,1.36,bet365,8.0,1.08,bet365,1.07,9.0,bet365,1.36,3.2,bet365,2.1,1.72,bet365,3.75,1.28,bet365,7.0,1.1,bet365,2.25,1.57,bet365,1.08,1.18,2.75,bet365,9.0,bet365,15.0,bet365,41.0,bet365,101.0,bet365,5.5,bet365,8.5,bet365,23.0,bet365,67.0,bet365,6.0,bet365,9.0,bet365,26.0,bet365,67.0,bet365,9.0,bet365,13.0,bet365,34.0,bet365,81.0,bet365,4.25,1.21,bet365,3.45,1.3,bet365,2.25,1.63,bet365,1.68,2.15,bet365,1.4,2.85,bet365,1.1,7.0,,0.0,0.0,,0.0,0.0,,0.0,0.0,,0.0,0.0,,0.0,0.0,0.0,,0.0,0.0,0.0,bet365,2.2,3.4,2.75,,0.0,0.0,0.0,,0.0,0.0,0.0,,0,0,0,,,,,,,,,,,0.62,0.38,0.0,0.0,,,,,,,,,6.0,8.0,3.0,3.0,2.0,3.0,1.0,2.0,,,,,,,,,,,4.0,7.0,20.0,7.0,9.0,32.0,5.0,12.0,0.0,1.0,,,1.0,1.0,2.0,2.0,,,,,,,,,,,,,,,,,,,0.71,0.29,4.0,3.0,3.0,1.0,0.0,2.0,,,2.0,1.0,,,1.0,7.0,1.0,1.0,1.0,2.0,,,,,,,0.53,0.47,2.0,5.0,0.0,2.0,2.0,1.0,,,2.0,6.0,0.0,1.0,,,4.0,5.0,0.0,0.0,1.0,0.0
ttqAqIwN,SOUTH-AMERICA,2021,Copa America 2021,WORLD AMERICA CUP,28/06/2021,21:00,Round 5,Bolivia,Argentina,1,4,[60],"[6, 33, 42, 65]",bet365,15.0,3.2,1.44,bet365,21.0,8.5,1.12,bet365,1.22,4.0,bet365,2.05,1.75,bet365,4.33,1.2,bet365,1.02,19.0,bet365,1.12,6.0,bet365,1.4,3.0,bet365,2.0,1.8,bet365,3.4,1.33,bet365,2.37,1.53,bet365,6.0,1.08,1.01,bet365,19.0,bet365,9.5,bet365,6.5,bet365,6.5,bet365,41.0,bet365,15.0,bet365,12.0,bet365,12.0,bet365,81.0,bet365,41.0,bet365,34.0,bet365,34.0,bet365,351.0,bet365,151.0,bet365,101.0,bet365,101.0,,0.0,0.0,,0.0,0.0,,0.0,0.0,,0.0,0.0,,0.0,0.0,bet365,6.0,1.13,bet365,5.25,1.16,bet365,2.85,1.4,bet365,2.35,1.58,bet365,1.8,2.0,,0.0,0.0,0.0,,0.0,0.0,0.0,,0.0,0.0,0.0,,0.0,0.0,0.0,bet365,2.87,4.0,1.95,,0,0,0,,,,,,,,,,,0.32,0.68,0.0,0.0,,,,,,,,,5.0,18.0,2.0,13.0,0.0,4.0,3.0,1.0,,,,,,,,,,,2.0,4.0,14.0,15.0,8.0,8.0,11.0,7.0,2.0,1.0,,,2.0,3.0,9.0,1.0,,,,,,,,,,,,,,,,,,,0.35,0.65,1.0,8.0,1.0,6.0,0.0,2.0,,,1.0,0.0,,,4.0,3.0,2.0,1.0,3.0,1.0,,,,,,,0.29,0.71,4.0,10.0,1.0,7.0,0.0,2.0,,,1.0,4.0,2.0,1.0,,,7.0,4.0,0.0,2.0,6.0,0.0
bHg5pbOG,SOUTH-AMERICA,2021,Copa America 2021,WORLD AMERICA CUP,28/06/2021,21:00,Round 5,Uruguay,Paraguay,1,0,[21],[],bet365,2.62,1.9,5.5,bet365,1.9,3.1,4.75,bet365,1.61,2.2,bet365,4.0,1.22,bet365,13.0,1.04,bet365,1.12,6.0,bet365,1.61,2.3,bet365,2.75,1.44,bet365,5.5,1.14,bet365,13.0,1.04,bet365,2.37,1.53,bet365,1.18,1.36,1.8,bet365,6.0,bet365,9.0,bet365,21.0,bet365,51.0,bet365,5.0,bet365,6.5,bet365,17.0,bet365,41.0,bet365,7.5,bet365,9.5,bet365,21.0,bet365,51.0,bet365,15.0,bet365,21.0,bet365,41.0,bet365,101.0,,0.0,0.0,bet365,6.6,1.11,bet365,3.7,1.26,bet365,2.85,1.4,bet365,1.96,1.97,bet365,1.2,4.4,,0.0,0.0,,0.0,0.0,,0.0,0.0,,0.0,0.0,,0.0,0.0,0.0,,0.0,0.0,0.0,bet365,3.75,3.25,1.8,,0.0,0.0,0.0,,0.0,0.0,0.0,,0,0,0,,,,,,,,,,,0.49,0.51,0.0,0.0,,,,,,,,,18.0,4.0,6.0,0.0,7.0,2.0,5.0,2.0,,,,,,,,,,,3.0,0.0,13.0,7.0,15.0,22.0,5.0,16.0,0.0,2.0,,,2.0,1.0,0.0,5.0,,,,,,,,,,,,,,,,,,,0.55,0.45,7.0,0.0,1.0,0.0,4.0,0.0,,,3.0,0.0,0.0,1.0,3.0,9.0,1.0,0.0,0.0,0.0,,,,,,,0.43,0.57,11.0,4.0,5.0,0.0,3.0,2.0,,,0.0,0.0,0.0,1.0,,,2.0,7.0,1.0,1.0,0.0,5.0
YkdBCG79,SOUTH-AMERICA,2021,Copa America 2021,WORLD AMERICA CUP,27/06/2021,18:00,Round 5,Venezuela,Peru,0,1,[],[48],bet365,4.33,1.9,3.0,bet365,3.8,2.9,2.2,bet365,1.57,2.25,bet365,3.75,1.25,bet365,11.0,1.05,bet365,1.11,6.5,bet365,1.5,2.62,bet365,2.5,1.53,bet365,5.0,1.16,bet365,11.0,1.05,bet365,2.05,1.7,bet365,1.61,1.4,1.25,bet365,6.5,bet365,6.0,bet365,9.5,bet365,21.0,bet365,8.5,bet365,6.0,bet365,10.0,bet365,21.0,bet365,17.0,bet365,13.0,bet365,17.0,bet365,41.0,bet365,41.0,bet365,34.0,bet365,41.0,bet365,67.0,,0.0,0.0,,0.0,0.0,,0.0,0.0,bet365,6.8,1.1,bet365,3.55,1.27,bet365,1.68,2.15,bet365,1.3,3.45,bet365,1.2,4.4,,0.0,0.0,,0.0,0.0,,0.0,0.0,0.0,,0.0,0.0,0.0,,0.0,0.0,0.0,bet365,1.61,3.6,4.5,,0.0,0.0,0.0,,0,0,0,,,,,,,,,,,0.43,0.57,0.0,0.0,,,,,,,,,10.0,12.0,3.0,4.0,4.0,6.0,3.0,2.0,,,,,,,,,,,5.0,4.0,15.0,24.0,13.0,13.0,17.0,9.0,1.0,0.0,,,2.0,3.0,3.0,3.0,,,,,,,,,,,,,,,,,,,0.43,0.57,4.0,6.0,2.0,1.0,1.0,4.0,,,1.0,1.0,1.0,0.0,7.0,5.0,2.0,2.0,1.0,2.0,,,,,,,0.43,0.57,6.0,6.0,1.0,3.0,3.0,2.0,,,4.0,3.0,,,,,10.0,4.0,0.0,1.0,2.0,1.0
ULLBiFVq,SOUTH-AMERICA,2021,Copa America 2021,WORLD AMERICA CUP,23/06/2021,21:00,Round 4,Brazil,Colombia,2,1,"[78, 90]",[10],bet365,2.05,2.2,7.0,bet365,1.44,4.2,8.5,bet365,1.44,2.62,bet365,3.25,1.33,bet365,9.0,1.07,bet365,1.08,8.5,bet365,1.4,3.0,bet365,2.2,1.66,bet365,4.0,1.25,bet365,8.0,1.08,bet365,2.25,1.57,bet365,1.08,1.22,2.62,bet365,8.5,bet365,13.0,bet365,34.0,bet365,81.0,bet365,5.5,bet365,8.0,bet365,23.0,bet365,51.0,bet365,6.0,bet365,9.0,bet365,23.0,bet365,67.0,bet365,9.5,bet365,15.0,bet365,34.0,bet365,81.0,bet365,4.65,1.18,bet365,3.9,1.24,bet365,2.38,1.55,bet365,1.86,2.04,bet365,1.48,2.6,bet365,1.11,6.6,,0.0,0.0,,0.0,0.0,,0.0,0.0,,0.0,0.0,,0.0,0.0,0.0,,0.0,0.0,0.0,bet365,2.37,3.25,2.62,,0.0,0.0,0.0,,0.0,0.0,0.0,,0,0,0,,,,,,,,,,,0.69,0.31,0.0,0.0,,,,,,,,,15.0,3.0,4.0,2.0,8.0,0.0,3.0,1.0,,,,,,,,,,,8.0,1.0,27.0,20.0,19.0,14.0,15.0,16.0,3.0,4.0,,,0.0,1.0,1.0,2.0,,,,,,,,,,,,,,,,,,,0.67,0.33,5.0,1.0,1.0,1.0,2.0,0.0,,,4.0,1.0,2.0,0.0,9.0,9.0,0.0,0.0,0.0,1.0,,,,,,,0.71,0.29,10.0,2.0,3.0,1.0,6.0,0.0,,,4.0,0.0,1.0,4.0,,,6.0,7.0,0.0,1.0,1.0,1.0
C0igm0vb,SOUTH-AMERICA,2021,Copa America 2021,WORLD AMERICA CUP,24/06/2021,21:00,Round 4,Chile,Paraguay,0,2,[],"[33, 58]",bet365,3.25,1.9,4.0,bet365,2.5,2.87,3.3,bet365,1.57,2.25,bet365,3.75,1.25,bet365,11.0,1.05,bet365,1.12,6.0,bet365,1.53,2.5,bet365,2.62,1.5,bet365,5.0,1.16,bet365,11.0,1.05,bet365,2.05,1.7,bet365,1.33,1.4,1.5,bet365,6.0,bet365,8.0,bet365,15.0,bet365,34.0,bet365,6.5,bet365,5.5,bet365,13.0,bet365,34.0,bet365,10.0,bet365,10.0,bet365,17.0,bet365,41.0,bet365,23.0,bet365,23.0,bet365,41.0,bet365,67.0,,0.0,0.0,,0.0,0.0,bet365,5.5,1.15,bet365,4.25,1.21,bet365,2.38,1.55,bet365,1.35,3.1,bet365,1.11,6.4,bet365,1.1,7.0,,0.0,0.0,,0.0,0.0,,0.0,0.0,0.0,,0.0,0.0,0.0,bet365,5.0,3.75,1.5,,0.0,0.0,0.0,,0.0,0.0,0.0,,0,0,0,,,,,,,,,,,0.68,0.32,0.0,0.0,,,,,,,,,5.0,7.0,1.0,3.0,2.0,4.0,2.0,0.0,,,,,,,,,,,3.0,4.0,23.0,17.0,14.0,27.0,13.0,14.0,3.0,1.0,,,1.0,3.0,1.0,1.0,,,,,,,,,,,,,,,,,,,0.59,0.41,1.0,5.0,0.0,2.0,1.0,3.0,,,0.0,3.0,1.0,0.0,8.0,7.0,0.0,2.0,1.0,0.0,,,,,,,0.77,0.23,4.0,2.0,1.0,1.0,1.0,1.0,,,3.0,1.0,2.0,1.0,,,5.0,7.0,1.0,1.0,0.0,1.0
jijcnKg4,SOUTH-AMERICA,2021,Copa America 2021,WORLD AMERICA CUP,24/06/2021,18:00,Round 4,Bolivia,Uruguay,0,2,[],"[40, 79]",bet365,11.0,2.75,1.61,bet365,17.0,6.5,1.18,bet365,1.28,3.5,bet365,2.37,1.53,bet365,5.5,1.14,bet365,1.04,13.0,bet365,1.2,4.5,bet365,1.61,2.3,bet365,2.62,1.5,bet365,4.5,1.2,bet365,2.37,1.53,bet365,4.5,1.11,1.02,bet365,13.0,bet365,7.0,bet365,5.5,bet365,6.5,bet365,29.0,bet365,12.0,bet365,10.0,bet365,12.0,bet365,67.0,bet365,41.0,bet365,29.0,bet365,34.0,bet365,201.0,bet365,101.0,bet365,101.0,bet365,101.0,,0.0,0.0,,0.0,0.0,,0.0,0.0,,0.0,0.0,,0.0,0.0,bet365,4.4,1.2,bet365,3.45,1.3,bet365,2.2,1.65,bet365,1.73,2.08,bet365,1.48,2.6,,0.0,0.0,0.0,,0.0,0.0,0.0,,0.0,0.0,0.0,,0.0,0.0,0.0,bet365,2.2,3.75,2.5,,0,0,0,,,,,,,,,,,0.48,0.52,0.0,0.0,,,,,,,,,4.0,22.0,3.0,7.0,1.0,12.0,0.0,3.0,,,,,,,,,,,3.0,5.0,22.0,13.0,12.0,12.0,8.0,13.0,3.0,0.0,,,2.0,4.0,5.0,3.0,,,,,,,,,,,,,,,,,,,0.46,0.54,1.0,6.0,0.0,2.0,1.0,4.0,,,1.0,1.0,1.0,0.0,5.0,7.0,1.0,2.0,1.0,0.0,,,,,,,0.5,0.5,3.0,16.0,3.0,5.0,0.0,8.0,,,2.0,4.0,2.0,0.0,,,3.0,6.0,1.0,2.0,4.0,3.0
CpBGjZpj,SOUTH-AMERICA,2021,Copa America 2021,WORLD AMERICA CUP,23/06/2021,18:00,Round 4,Ecuador,Peru,2,2,"[23, 45]","[49, 54]",bet365,3.2,1.95,4.0,bet365,2.37,3.2,3.2,bet365,1.53,2.37,bet365,3.5,1.28,bet365,11.0,1.05,bet365,1.1,7.5,bet365,1.44,2.75,bet365,2.5,1.53,bet365,4.5,1.2,bet365,10.0,1.06,bet365,2.0,1.75,bet365,1.36,1.36,1.53,bet365,7.5,bet365,8.0,bet365,15.0,bet365,34.0,bet365,6.5,bet365,6.0,bet365,12.0,bet365,29.0,bet365,10.0,bet365,10.0,bet365,17.0,bet365,41.0,bet365,21.0,bet365,21.0,bet365,34.0,bet365,67.0,,0.0,0.0,,0.0,0.0,bet365,5.0,1.17,bet365,3.9,1.24,bet365,2.3,1.6,bet365,1.35,3.1,bet365,1.12,6.25,,0.0,0.0,,0.0,0.0,,0.0,0.0,,0.0,0.0,0.0,,0.0,0.0,0.0,bet365,4.75,3.75,1.53,,0.0,0.0,0.0,,0.0,0.0,0.0,,0,0,0,,,,,,,,,,,0.57,0.43,0.0,0.0,,,,,,,,,16.0,7.0,6.0,4.0,5.0,2.0,5.0,1.0,,,,,,,,,,,13.0,0.0,20.0,27.0,23.0,15.0,19.0,11.0,1.0,1.0,,,1.0,3.0,2.0,4.0,,,,,,,,,,,,,,,,,,,0.53,0.47,8.0,2.0,4.0,0.0,2.0,1.0,,,5.0,0.0,,,9.0,2.0,1.0,0.0,0.0,2.0,,,,,,,0.61,0.39,8.0,5.0,2.0,4.0,3.0,1.0,,,8.0,0.0,1.0,1.0,,,10.0,9.0,0.0,3.0,2.0,2.0
Ime3QxXp,SOUTH-AMERICA,2021,Copa America 2021,WORLD AMERICA CUP,21/06/2021,21:00,Round 3,Argentina,Paraguay,1,0,[10],[],bet365,2.1,2.1,7.5,bet365,1.53,3.6,8.0,bet365,1.5,2.5,bet365,3.4,1.3,bet365,10.0,1.06,bet365,1.1,7.5,bet365,1.4,3.0,bet365,2.2,1.66,bet365,4.33,1.22,bet365,9.0,1.07,bet365,2.25,1.57,bet365,1.08,1.28,2.37,bet365,7.5,bet365,15.0,bet365,34.0,bet365,81.0,bet365,5.5,bet365,7.0,bet365,23.0,bet365,67.0,bet365,6.0,bet365,9.0,bet365,21.0,bet365,67.0,bet365,10.0,bet365,15.0,bet365,34.0,bet365,81.0,bet365,5.25,1.16,bet365,4.15,1.22,bet365,2.5,1.5,bet365,1.97,1.93,bet365,1.52,2.42,bet365,1.1,7.0,,0.0,0.0,,0.0,0.0,,0.0,0.0,,0.0,0.0,,0.0,0.0,0.0,,0.0,0.0,0.0,bet365,2.5,3.25,2.37,,0.0,0.0,0.0,,0.0,0.0,0.0,,0,0,0,,,,,,,,,,,0.43,0.57,0.0,0.0,,,,,,,,,8.0,10.0,4.0,2.0,3.0,3.0,1.0,5.0,,,,,,,,,,,2.0,9.0,32.0,20.0,16.0,25.0,11.0,23.0,1.0,2.0,,,1.0,2.0,2.0,3.0,,,,,,,,,,,,,,,,,,,0.44,0.56,6.0,4.0,2.0,0.0,3.0,2.0,,,0.0,3.0,1.0,1.0,4.0,11.0,1.0,2.0,0.0,1.0,,,,,,,0.42,0.58,2.0,6.0,2.0,2.0,0.0,1.0,,,2.0,6.0,0.0,1.0,,,7.0,12.0,0.0,0.0,2.0,2.0
KnWybHhG,SOUTH-AMERICA,2021,Copa America 2021,WORLD AMERICA CUP,20/06/2021,21:00,Round 3,Colombia,Peru,1,2,[53],"[17, 64]",bet365,2.37,2.05,6.0,bet365,1.72,3.4,5.5,bet365,1.5,2.5,bet365,3.5,1.28,bet365,11.0,1.05,bet365,1.1,7.0,bet365,1.44,2.75,bet365,2.5,1.53,bet365,4.5,1.2,bet365,10.0,1.06,bet365,2.2,1.61,bet365,1.14,1.3,2.0,bet365,7.0,bet365,11.0,bet365,26.0,bet365,67.0,bet365,5.5,bet365,6.5,bet365,19.0,bet365,51.0,bet365,7.0,bet365,9.0,bet365,21.0,bet365,51.0,bet365,13.0,bet365,17.0,bet365,34.0,bet365,81.0,bet365,6.8,1.1,bet365,5.75,1.14,bet365,3.1,1.35,bet365,2.3,1.6,bet365,1.7,2.1,bet365,1.16,5.25,,0.0,0.0,,0.0,0.0,,0.0,0.0,,0.0,0.0,,0.0,0.0,0.0,,0.0,0.0,0.0,bet365,3.0,3.5,2.0,,0.0,0.0,0.0,,0.0,0.0,0.0,,0,0,0,,,,,,,,,,,0.59,0.41,0.0,0.0,,,,,,,,,12.0,11.0,4.0,3.0,6.0,5.0,2.0,3.0,,,,,,,,,,,4.0,3.0,19.0,18.0,14.0,17.0,13.0,12.0,1.0,2.0,,,1.0,2.0,1.0,3.0,,,,,,,,,,,,,,,,,,,0.57,0.43,6.0,3.0,2.0,1.0,3.0,2.0,,,3.0,1.0,1.0,1.0,5.0,6.0,1.0,1.0,0.0,2.0,,,,,,,0.61,0.39,6.0,8.0,2.0,2.0,3.0,3.0,,,1.0,2.0,0.0,1.0,,,8.0,6.0,0.0,1.0,1.0,1.0
WjqokM9o,SOUTH-AMERICA,2021,Copa America 2021,WORLD AMERICA CUP,21/06/2021,18:00,Round 3,Uruguay,Chile,1,1,[66],[26],bet365,3.2,1.83,4.33,bet365,2.3,2.87,3.7,bet365,1.61,2.2,bet365,4.0,1.22,bet365,13.0,1.04,bet365,1.14,5.5,bet365,1.61,2.3,bet365,3.2,1.36,bet365,6.0,1.12,bet365,13.0,1.04,bet365,2.25,1.57,bet365,1.28,1.4,1.57,bet365,5.5,bet365,7.5,bet365,15.0,bet365,41.0,bet365,5.5,bet365,6.0,bet365,15.0,bet365,41.0,bet365,9.5,bet365,10.0,bet365,21.0,bet365,51.0,bet365,21.0,bet365,23.0,bet365,41.0,bet365,81.0,,0.0,0.0,,0.0,0.0,bet365,4.8,1.18,bet365,3.7,1.26,bet365,2.2,1.65,bet365,1.27,3.55,,0.0,0.0,,0.0,0.0,,0.0,0.0,,0.0,0.0,,0.0,0.0,0.0,,0.0,0.0,0.0,bet365,5.0,3.6,1.57,,0.0,0.0,0.0,,0.0,0.0,0.0,,0,0,0,,,,,,,,,,,0.54,0.46,0.0,0.0,,,,,,,,,17.0,7.0,5.0,1.0,9.0,5.0,3.0,1.0,,,,,,,,,,,6.0,2.0,24.0,17.0,14.0,13.0,13.0,16.0,1.0,1.0,,,2.0,4.0,0.0,4.0,,,,,,,,,,,,,,,,,,,0.49,0.51,8.0,3.0,4.0,1.0,3.0,1.0,,,3.0,2.0,1.0,1.0,8.0,9.0,1.0,1.0,0.0,4.0,,,,,,,0.59,0.41,9.0,4.0,1.0,0.0,6.0,4.0,,,3.0,0.0,,,,,5.0,7.0,1.0,3.0,0.0,0.0
bwVucy8M,SOUTH-AMERICA,2021,Copa America 2021,WORLD AMERICA CUP,20/06/2021,18:00,Round 3,Venezuela,Ecuador,2,2,"[51, 90]","[39, 71]",bet365,6.5,2.05,2.25,bet365,6.5,3.75,1.57,bet365,1.5,2.5,bet365,3.5,1.28,bet365,11.0,1.05,bet365,1.1,7.0,bet365,1.5,2.62,bet365,2.5,1.53,bet365,4.5,1.2,bet365,10.0,1.06,bet365,2.5,1.5,bet365,2.25,1.25,1.11,bet365,7.0,bet365,5.0,bet365,6.0,bet365,11.0,bet365,11.0,bet365,7.5,bet365,9.0,bet365,17.0,bet365,29.0,bet365,21.0,bet365,26.0,bet365,41.0,bet365,81.0,bet365,51.0,bet365,67.0,bet365,101.0,,0.0,0.0,,0.0,0.0,,0.0,0.0,,0.0,0.0,bet365,5.75,1.14,bet365,2.35,1.58,bet365,1.75,2.05,bet365,1.43,2.75,bet365,1.18,4.8,bet365,1.13,5.9,,0.0,0.0,0.0,,0.0,0.0,0.0,,0.0,0.0,0.0,bet365,2.25,3.25,2.75,,0.0,0.0,0.0,,0,0,0,,,,,,,,,,,0.31,0.69,0.0,0.0,,,,,,,,,9.0,19.0,3.0,7.0,3.0,7.0,3.0,5.0,,,,,,,,,,,5.0,5.0,20.0,15.0,16.0,15.0,7.0,15.0,0.0,3.0,,,2.0,1.0,5.0,1.0,,,,,,,,,,,,,,,,,,,0.27,0.73,4.0,10.0,1.0,2.0,1.0,5.0,,,1.0,2.0,0.0,2.0,2.0,6.0,2.0,0.0,1.0,1.0,,,,,,,0.35,0.65,5.0,9.0,2.0,5.0,2.0,2.0,,,4.0,3.0,0.0,1.0,,,5.0,9.0,0.0,1.0,4.0,0.0
KCFSWvfH,SOUTH-AMERICA,2021,Copa America 2021,WORLD AMERICA CUP,18/06/2021,21:00,Round 2,Argentina,Uruguay,1,0,[13],[],bet365,2.62,2.0,5.0,bet365,1.9,3.4,4.2,bet365,1.53,2.37,bet365,3.75,1.25,bet365,11.0,1.05,bet365,1.1,7.0,bet365,1.5,2.62,bet365,2.5,1.53,bet365,5.0,1.16,bet365,11.0,1.05,bet365,2.2,1.61,bet365,1.22,1.3,1.8,bet365,7.0,bet365,8.5,bet365,19.0,bet365,51.0,bet365,5.5,bet365,6.5,bet365,15.0,bet365,41.0,bet365,7.5,bet365,9.5,bet365,21.0,bet365,51.0,bet365,15.0,bet365,19.0,bet365,41.0,bet365,81.0,,0.0,0.0,,0.0,0.0,bet365,3.55,1.27,bet365,2.75,1.43,bet365,1.94,1.96,bet365,1.23,4.0,,0.0,0.0,,0.0,0.0,,0.0,0.0,,0.0,0.0,,0.0,0.0,0.0,,0.0,0.0,0.0,bet365,3.6,3.5,1.8,,0.0,0.0,0.0,,0.0,0.0,0.0,,0,0,0,,,,,,,,,,,0.45,0.55,0.0,0.0,,,,,,,,,9.0,4.0,6.0,0.0,0.0,3.0,3.0,1.0,,,,,,,,,,,8.0,3.0,29.0,14.0,13.0,17.0,11.0,21.0,3.0,2.0,,,1.0,0.0,0.0,5.0,,,,,,,,,,,,,,,,,,,0.45,0.55,5.0,3.0,5.0,0.0,0.0,2.0,,,3.0,1.0,,,2.0,9.0,0.0,0.0,0.0,4.0,,,,,,,0.45,0.55,4.0,1.0,1.0,0.0,0.0,1.0,,,5.0,2.0,3.0,2.0,,,9.0,12.0,1.0,0.0,0.0,1.0
b3EWVb9N,SOUTH-AMERICA,2021,Copa America 2021,WORLD AMERICA CUP,18/06/2021,18:00,Round 2,Chile,Bolivia,1,0,[10],[],bet365,1.8,2.5,7.5,bet365,1.33,5.25,9.0,bet365,1.33,3.25,bet365,2.5,1.5,bet365,6.5,1.11,bet365,1.04,13.0,bet365,1.22,4.33,bet365,1.72,2.1,bet365,2.75,1.44,bet365,5.0,1.16,bet365,2.1,1.66,bet365,1.07,1.16,3.25,bet365,13.0,bet365,19.0,bet365,41.0,bet365,101.0,bet365,7.0,bet365,10.0,bet365,23.0,bet365,51.0,bet365,6.0,bet365,9.0,bet365,23.0,bet365,51.0,bet365,8.0,bet365,12.0,bet365,29.0,bet365,67.0,bet365,3.3,1.32,bet365,2.6,1.48,bet365,1.99,1.91,bet365,1.48,2.6,bet365,1.32,3.3,,0.0,0.0,,0.0,0.0,,0.0,0.0,,0.0,0.0,,0.0,0.0,,0.0,0.0,0.0,,0.0,0.0,0.0,bet365,1.9,3.6,3.25,,0.0,0.0,0.0,,0.0,0.0,0.0,,0,0,0,,,,,,,,,,,0.61,0.39,0.0,0.0,,,,,,,,,18.0,10.0,11.0,3.0,4.0,4.0,3.0,3.0,,,,,,,,,,,6.0,2.0,11.0,9.0,16.0,18.0,6.0,7.0,1.0,2.0,,,1.0,2.0,3.0,10.0,,,,,,,,,,,,,,,,,,,0.64,0.36,14.0,5.0,8.0,1.0,4.0,3.0,,,4.0,0.0,,,2.0,2.0,0.0,0.0,1.0,7.0,,,,,,,0.58,0.42,4.0,5.0,3.0,2.0,0.0,1.0,,,2.0,2.0,1.0,2.0,,,4.0,5.0,1.0,2.0,2.0,3.0
OKxTawO3,SOUTH-AMERICA,2021,Copa America 2021,WORLD AMERICA CUP,17/06/2021,21:00,Round 2,Brazil,Peru,4,0,"[12, 68, 89, 90]",[],bet365,1.61,2.62,11.0,bet365,1.18,7.5,13.0,bet365,1.33,3.25,bet365,2.62,1.44,bet365,6.5,1.11,bet365,1.04,13.0,bet365,1.25,4.0,bet365,1.72,2.1,bet365,2.75,1.44,bet365,5.0,1.16,bet365,2.62,1.44,bet365,1.04,1.1,4.5,bet365,13.0,bet365,21.0,bet365,51.0,bet365,201.0,bet365,6.0,bet365,15.0,bet365,34.0,bet365,101.0,bet365,5.5,bet365,10.0,bet365,41.0,bet365,81.0,bet365,6.5,bet365,13.0,bet365,41.0,bet365,151.0,bet365,2.67,1.45,bet365,2.08,1.73,bet365,1.65,2.2,bet365,1.27,3.55,bet365,1.19,4.5,,0.0,0.0,,0.0,0.0,,0.0,0.0,,0.0,0.0,,0.0,0.0,,0.0,0.0,0.0,bet365,2.6,3.75,2.2,,0.0,0.0,0.0,,0.0,0.0,0.0,,0.0,0.0,0.0,,0,0,0,,,,,,,,,,,0.55,0.45,0.0,0.0,,,,,,,,,17.0,7.0,9.0,2.0,7.0,2.0,1.0,3.0,,,,,,,,,,,2.0,3.0,31.0,19.0,11.0,12.0,14.0,20.0,1.0,3.0,,,2.0,0.0,2.0,5.0,,,,,,,,,,,,,,,,,,,0.45,0.55,4.0,5.0,1.0,2.0,3.0,1.0,,,1.0,3.0,0.0,2.0,7.0,9.0,1.0,0.0,2.0,0.0,,,,,,,0.65,0.35,13.0,2.0,8.0,0.0,4.0,1.0,,,1.0,0.0,1.0,1.0,,,7.0,11.0,1.0,0.0,0.0,5.0
UcwP0J8c,SOUTH-AMERICA,2021,Copa America 2021,WORLD AMERICA CUP,17/06/2021,18:00,Round 2,Colombia,Venezuela,0,0,[],[],bet365,1.9,2.25,8.5,bet365,1.33,4.75,11.0,bet365,1.44,2.62,bet365,3.25,1.33,bet365,9.0,1.07,bet365,1.08,8.5,bet365,1.36,3.2,bet365,2.1,1.72,bet365,4.0,1.25,bet365,8.0,1.08,bet365,2.62,1.44,bet365,1.05,1.18,3.25,bet365,8.5,bet365,17.0,bet365,41.0,bet365,126.0,bet365,5.0,bet365,9.5,bet365,29.0,bet365,81.0,bet365,5.5,bet365,9.5,bet365,29.0,bet365,81.0,bet365,8.0,bet365,15.0,bet365,41.0,bet365,126.0,bet365,3.7,1.26,bet365,3.0,1.38,bet365,2.05,1.75,bet365,1.52,2.42,bet365,1.32,3.3,,0.0,0.0,,0.0,0.0,,0.0,0.0,,0.0,0.0,,0.0,0.0,,0.0,0.0,0.0,,0.0,0.0,0.0,bet365,2.05,3.25,3.25,,0.0,0.0,0.0,,0.0,0.0,0.0,,0,0,0,,,,,,,,,,,0.65,0.35,0.0,0.0,,,,,,,,,23.0,2.0,8.0,0.0,9.0,1.0,6.0,1.0,,,,,,,,,,,6.0,3.0,23.0,19.0,18.0,9.0,13.0,14.0,2.0,5.0,1.0,0.0,3.0,0.0,0.0,8.0,,,,,,,,,,,,,,,,,,,0.63,0.37,13.0,2.0,5.0,0.0,4.0,1.0,,,4.0,3.0,,,3.0,6.0,2.0,0.0,0.0,5.0,,,,,,,0.67,0.33,10.0,0.0,3.0,0.0,5.0,0.0,,,2.0,0.0,2.0,5.0,1.0,0.0,10.0,8.0,1.0,0.0,0.0,3.0
QkGOXKvB,SOUTH-AMERICA,2021,Copa America 2021,WORLD AMERICA CUP,14/06/2021,21:00,Round 1,Paraguay,Bolivia,3,1,"[62, 65, 80]",[10],bet365,2.1,2.1,7.0,bet365,1.5,4.0,7.5,bet365,1.44,2.62,bet365,3.25,1.33,bet365,10.0,1.06,bet365,1.08,8.5,bet365,1.4,3.0,bet365,2.2,1.66,bet365,4.0,1.25,bet365,8.0,1.08,bet365,2.2,1.61,bet365,1.1,1.22,2.5,bet365,8.5,bet365,13.0,bet365,34.0,bet365,81.0,bet365,5.5,bet365,7.5,bet365,21.0,bet365,51.0,bet365,6.5,bet365,8.5,bet365,21.0,bet365,51.0,bet365,10.0,bet365,15.0,bet365,34.0,bet365,81.0,bet365,5.25,1.16,bet365,4.25,1.21,bet365,2.5,1.5,bet365,1.98,1.92,bet365,1.52,2.42,bet365,1.13,6.0,,0.0,0.0,,0.0,0.0,,0.0,0.0,,0.0,0.0,,0.0,0.0,0.0,,0.0,0.0,0.0,bet365,2.5,3.25,2.5,,0.0,0.0,0.0,,0.0,0.0,0.0,,0,0,0,,,,,,,,,,,0.78,0.22,0.0,0.0,,,,,,,,,34.0,4.0,11.0,2.0,15.0,0.0,8.0,2.0,,,,,,,,,,,7.0,2.0,13.0,16.0,24.0,15.0,12.0,10.0,2.0,4.0,0.0,1.0,1.0,0.0,1.0,8.0,,,,,,,,,,,,,,,,,,,0.77,0.23,11.0,3.0,3.0,1.0,8.0,0.0,,,2.0,0.0,2.0,4.0,7.0,7.0,1.0,0.0,0.0,3.0,,,,,,,0.79,0.21,23.0,1.0,8.0,1.0,7.0,0.0,,,5.0,2.0,,,,,5.0,3.0,0.0,0.0,1.0,5.0
COZuvd1p,SOUTH-AMERICA,2021,Copa America 2021,WORLD AMERICA CUP,13/06/2021,21:00,Round 1,Colombia,Ecuador,1,0,[42],[],bet365,2.87,2.0,4.33,bet365,2.15,3.1,3.8,bet365,1.5,2.5,bet365,3.4,1.3,bet365,10.0,1.06,bet365,1.1,7.5,bet365,1.4,3.0,bet365,2.3,1.61,bet365,4.0,1.25,bet365,9.0,1.07,bet365,1.95,1.8,bet365,1.25,1.36,1.66,bet365,7.5,bet365,9.5,bet365,19.0,bet365,41.0,bet365,6.5,bet365,6.0,bet365,13.0,bet365,34.0,bet365,9.5,bet365,9.0,bet365,15.0,bet365,41.0,bet365,19.0,bet365,19.0,bet365,34.0,bet365,51.0,,0.0,0.0,bet365,6.8,1.1,bet365,4.15,1.22,bet365,3.3,1.32,bet365,2.08,1.73,bet365,1.27,3.55,,0.0,0.0,,0.0,0.0,,0.0,0.0,,0.0,0.0,,0.0,0.0,0.0,,0.0,0.0,0.0,bet365,4.0,3.75,1.66,,0.0,0.0,0.0,,0.0,0.0,0.0,,0,0,0,,,,,,,,,,,0.41,0.59,0.0,0.0,,,,,,,,,5.0,8.0,2.0,2.0,3.0,6.0,0.0,0.0,,,,,,,,,,,1.0,9.0,23.0,34.0,10.0,26.0,19.0,16.0,3.0,1.0,,,2.0,1.0,2.0,1.0,,,,,,,,,,,,,,,,,,,0.51,0.49,2.0,1.0,1.0,0.0,1.0,1.0,,,1.0,3.0,1.0,0.0,7.0,9.0,1.0,0.0,0.0,0.0,,,,,,,0.31,0.69,3.0,7.0,1.0,2.0,2.0,5.0,,,0.0,6.0,2.0,1.0,,,12.0,7.0,1.0,1.0,2.0,1.0
UNMFZtAb,SOUTH-AMERICA,2021,Copa America 2021,WORLD AMERICA CUP,14/06/2021,18:00,Round 1,Argentina,Chile,1,1,[33],[57],bet365,2.3,2.05,6.0,bet365,1.61,3.6,6.5,bet365,1.5,2.5,bet365,3.4,1.3,bet365,10.0,1.06,bet365,1.1,7.5,bet365,1.44,2.75,bet365,2.3,1.61,bet365,4.5,1.2,bet365,10.0,1.06,bet365,2.2,1.61,bet365,1.11,1.28,2.2,bet365,7.5,bet365,11.0,bet365,26.0,bet365,67.0,bet365,5.5,bet365,7.0,bet365,19.0,bet365,51.0,bet365,6.5,bet365,9.0,bet365,21.0,bet365,51.0,bet365,12.0,bet365,17.0,bet365,34.0,bet365,81.0,bet365,6.4,1.11,bet365,5.5,1.15,bet365,3.0,1.38,bet365,2.25,1.63,bet365,1.65,2.2,bet365,1.16,5.25,,0.0,0.0,,0.0,0.0,,0.0,0.0,,0.0,0.0,,0.0,0.0,0.0,,0.0,0.0,0.0,bet365,2.87,3.25,2.2,,0.0,0.0,0.0,,0.0,0.0,0.0,,0,0,0,,,,,,,,,,,0.49,0.51,0.0,0.0,,,,,,,,,18.0,5.0,5.0,4.0,8.0,1.0,5.0,0.0,,,,,,,,,,,7.0,1.0,35.0,22.0,21.0,18.0,14.0,19.0,2.0,3.0,,,2.0,7.0,3.0,4.0,,,,,,,,,,,,,,,,,,,0.51,0.49,8.0,1.0,3.0,0.0,4.0,1.0,,,2.0,1.0,1.0,3.0,7.0,9.0,0.0,4.0,0.0,2.0,,,,,,,0.47,0.53,10.0,4.0,2.0,4.0,4.0,0.0,,,5.0,0.0,1.0,0.0,,,7.0,10.0,2.0,3.0,3.0,2.0
jFYqwGGj,SOUTH-AMERICA,2021,Copa America 2021,WORLD AMERICA CUP,13/06/2021,18:00,Round 1,Brazil,Venezuela,3,0,"[23, 64, 89]",[],bet365,1.36,3.25,21.0,bet365,1.08,10.0,34.0,bet365,1.25,3.75,bet365,2.1,1.66,bet365,4.5,1.18,bet365,1.03,15.0,bet365,1.14,5.5,bet365,1.5,2.62,bet365,2.2,1.66,bet365,3.75,1.28,bet365,3.5,1.28,,0.0,0.0,0.0,bet365,15.0,bet365,41.0,bet365,126.0,,0.0,bet365,8.0,bet365,21.0,bet365,51.0,bet365,351.0,bet365,5.5,bet365,15.0,bet365,51.0,bet365,251.0,bet365,5.0,bet365,15.0,bet365,51.0,bet365,251.0,bet365,1.92,1.98,bet365,1.48,2.6,bet365,1.32,3.3,bet365,1.12,6.25,,0.0,0.0,,0.0,0.0,,0.0,0.0,,0.0,0.0,,0.0,0.0,,0.0,0.0,bet365,2.87,4.33,1.9,,0.0,0.0,0.0,,0.0,0.0,0.0,,0.0,0.0,0.0,,0.0,0.0,0.0,,0,0,0,,,,,,,,,,,0.62,0.38,0.0,0.0,,,,,,,,,18.0,3.0,7.0,1.0,9.0,2.0,2.0,0.0,,,,,,,,,,,9.0,4.0,20.0,16.0,18.0,10.0,11.0,14.0,2.0,2.0,,,2.0,1.0,1.0,4.0,,,,,,,,,,,,,,,,,,,0.6,0.4,9.0,3.0,3.0,1.0,4.0,2.0,,,6.0,3.0,1.0,0.0,5.0,5.0,2.0,1.0,1.0,2.0,,,,,,,0.64,0.36,9.0,0.0,4.0,0.0,5.0,0.0,,,3.0,1.0,1.0,2.0,,,6.0,9.0,0.0,0.0,0.0,2.0
